sample_id,iteration,requested_at,latency_ms,success,distance_meters,duration_seconds,provider,degraded,failure_reason
S01,1,2026-08-09T16:44:14.127091500Z,5621,true,339,121,AMAP,false,
S02,1,2026-08-09T16:44:19.748237700Z,1210,true,1377,591,AMAP,false,
S03,1,2026-08-09T16:44:20.968241100Z,1234,true,264,41,AMAP,false,
S04,1,2026-08-09T16:44:22.202705200Z,1196,true,506,83,AMAP,false,
S05,1,2026-08-09T16:44:23.402554700Z,1213,true,340,135,AMAP,false,
M01,1,2026-08-09T16:44:24.617860200Z,1252,true,1482,229,AMAP,false,
M02,1,2026-08-09T16:44:25.871124500Z,1211,true,1458,237,AMAP,false,
M03,1,2026-08-09T16:44:27.084087300Z,1175,true,2020,399,AMAP,false,
M04,1,2026-08-09T16:44:28.260358600Z,1806,true,1508,282,AMAP,false,
M05,1,2026-08-09T16:44:30.067555800Z,1200,true,2242,370,AMAP,false,
M06,1,2026-08-09T16:44:31.275605500Z,1239,true,1680,308,AMAP,false,
M07,1,2026-08-09T16:44:32.515238200Z,1229,true,2336,290,AMAP,false,
M08,1,2026-08-09T16:44:33.742916900Z,1216,true,2327,449,AMAP,false,
M09,1,2026-08-09T16:44:34.961999900Z,1763,true,1545,266,AMAP,false,
M10,1,2026-08-09T16:44:36.726604600Z,1263,true,2336,249,AMAP,false,
L01,1,2026-08-09T16:44:37.991558900Z,1211,true,2995,877,AMAP,false,
L02,1,2026-08-09T16:44:39.204252300Z,1460,true,16946,1652,AMAP,false,
L03,1,2026-08-09T16:44:40.666485700Z,1239,true,3409,588,AMAP,false,
L04,1,2026-08-09T16:44:41.907713800Z,1223,true,4888,1456,AMAP,false,
L05,1,2026-08-09T16:44:43.131681200Z,2330,true,17285,1470,AMAP,false,
S01,2,2026-08-09T16:44:45.462636100Z,2180,true,339,121,AMAP,false,
S02,2,2026-08-09T16:44:47.644307300Z,2205,true,1377,591,AMAP,false,
S03,2,2026-08-09T16:44:49.850825500Z,2219,true,264,41,AMAP,false,
S04,2,2026-08-09T16:44:52.074656800Z,2668,true,506,83,AMAP,false,
S05,2,2026-08-09T16:44:54.744385900Z,4689,true,340,135,AMAP,false,
M01,2,2026-08-09T16:44:59.434888200Z,1683,true,1482,229,AMAP,false,
M02,2,2026-08-09T16:45:01.116199900Z,1411,true,1458,237,AMAP,false,
M03,2,2026-08-09T16:45:02.526277400Z,1252,true,2020,399,AMAP,false,
M04,2,2026-08-09T16:45:03.783233Z,1205,true,1508,282,AMAP,false,
M05,2,2026-08-09T16:45:04.988701Z,3266,true,2242,370,AMAP,false,
M06,2,2026-08-09T16:45:08.258039100Z,1218,true,1680,308,AMAP,false,
M07,2,2026-08-09T16:45:09.477176600Z,1178,true,2336,290,AMAP,false,
M08,2,2026-08-09T16:45:10.655670900Z,1215,true,2327,449,AMAP,false,
M09,2,2026-08-09T16:45:11.869750600Z,2238,true,1545,266,AMAP,false,
M10,2,2026-08-09T16:45:14.111379Z,1169,true,2336,249,AMAP,false,
L01,2,2026-08-09T16:45:15.280261300Z,1247,true,2995,877,AMAP,false,
L02,2,2026-08-09T16:45:16.528751Z,2919,true,16946,1652,AMAP,false,
L03,2,2026-08-09T16:45:19.448471Z,5589,true,3409,581,AMAP,false,
L04,2,2026-08-09T16:45:25.038365300Z,1355,true,4888,1456,AMAP,false,
L05,2,2026-08-09T16:45:26.392160300Z,1576,true,17285,1469,AMAP,false,
S01,3,2026-08-09T16:45:27.970868300Z,1180,true,339,121,AMAP,false,
S02,3,2026-08-09T16:45:29.151923700Z,2249,true,1377,591,AMAP,false,
S03,3,2026-08-09T16:45:31.402476Z,4233,true,264,41,AMAP,false,
S04,3,2026-08-09T16:45:35.636544300Z,1208,true,506,83,AMAP,false,
S05,3,2026-08-09T16:45:36.845367400Z,3170,true,340,137,AMAP,false,
M01,3,2026-08-09T16:45:40.013404900Z,2088,true,1482,229,AMAP,false,
M02,3,2026-08-09T16:45:42.102464Z,1180,true,1458,233,AMAP,false,
M03,3,2026-08-09T16:45:43.287110500Z,1174,true,2020,399,AMAP,false,
M04,3,2026-08-09T16:45:44.462090800Z,1180,true,1508,282,AMAP,false,
M05,3,2026-08-09T16:45:45.643211300Z,2677,true,2242,370,AMAP,false,
M06,3,2026-08-09T16:45:48.320402300Z,1147,true,1680,308,AMAP,false,
M07,3,2026-08-09T16:45:49.465979700Z,1648,true,2336,290,AMAP,false,
M08,3,2026-08-09T16:45:51.114665500Z,1695,true,2327,450,AMAP,false,
M09,3,2026-08-09T16:45:52.812637Z,1237,true,1545,259,AMAP,false,
M10,3,2026-08-09T16:45:54.051267600Z,2224,true,2336,249,AMAP,false,
L01,3,2026-08-09T16:45:56.276278700Z,1655,true,2995,877,AMAP,false,
L02,3,2026-08-09T16:45:57.932467600Z,1361,true,16946,1652,AMAP,false,
L03,3,2026-08-09T16:45:59.294157500Z,1203,true,3409,581,AMAP,false,
L04,3,2026-08-09T16:46:00.497782900Z,1273,true,4888,1456,AMAP,false,
L05,3,2026-08-09T16:46:01.771965300Z,1481,true,17285,1469,AMAP,false,
S01,4,2026-08-09T16:46:03.253291600Z,1231,true,339,121,AMAP,false,
S02,4,2026-08-09T16:46:04.485631500Z,2211,true,1377,591,AMAP,false,
S03,4,2026-08-09T16:46:06.692664Z,1189,true,264,41,AMAP,false,
S04,4,2026-08-09T16:46:07.884968300Z,1202,true,506,83,AMAP,false,
S05,4,2026-08-09T16:46:09.093356600Z,1185,true,340,137,AMAP,false,
M01,4,2026-08-09T16:46:10.280000100Z,1155,true,1482,229,AMAP,false,
M02,4,2026-08-09T16:46:11.434209700Z,1691,true,1458,233,AMAP,false,
M03,4,2026-08-09T16:46:13.127421300Z,1213,true,2020,400,AMAP,false,
M04,4,2026-08-09T16:46:14.356309200Z,1306,true,1508,283,AMAP,false,
M05,4,2026-08-09T16:46:15.664241Z,1197,true,2242,375,AMAP,false,
M06,4,2026-08-09T16:46:16.862281300Z,1244,true,1680,303,AMAP,false,
M07,4,2026-08-09T16:46:18.103389Z,1680,true,2336,290,AMAP,false,
M08,4,2026-08-09T16:46:19.787271700Z,1727,true,2327,449,AMAP,false,
M09,4,2026-08-09T16:46:21.515569100Z,1375,true,1545,259,AMAP,false,
M10,4,2026-08-09T16:46:22.891472500Z,1177,true,2336,249,AMAP,false,
L01,4,2026-08-09T16:46:24.068390500Z,2766,true,2995,877,AMAP,false,
L02,4,2026-08-09T16:46:26.832150100Z,4414,true,16946,1652,AMAP,false,
L03,4,2026-08-09T16:46:31.250034Z,1188,true,3409,568,AMAP,false,
L04,4,2026-08-09T16:46:32.437750100Z,1851,true,4888,1456,AMAP,false,
L05,4,2026-08-09T16:46:34.290473500Z,1563,true,17285,1470,AMAP,false,
S01,5,2026-08-09T16:46:35.853947300Z,1203,true,339,121,AMAP,false,
S02,5,2026-08-09T16:46:37.057594300Z,2278,true,1377,591,AMAP,false,
S03,5,2026-08-09T16:46:39.334514300Z,1172,true,264,42,AMAP,false,
S04,5,2026-08-09T16:46:40.512011200Z,2149,true,506,83,AMAP,false,
S05,5,2026-08-09T16:46:42.662171500Z,1152,true,340,131,AMAP,false,
M01,5,2026-08-09T16:46:43.814701Z,2152,true,1482,229,AMAP,false,
M02,5,2026-08-09T16:46:45.964486100Z,1210,true,1458,224,AMAP,false,
M03,5,2026-08-09T16:46:47.177878800Z,1194,true,2020,400,AMAP,false,
M04,5,2026-08-09T16:46:48.373825300Z,1689,true,1508,283,AMAP,false,
M05,5,2026-08-09T16:46:50.062998Z,1183,true,2242,375,AMAP,false,
M06,5,2026-08-09T16:46:51.246373100Z,1706,true,1680,303,AMAP,false,
M07,5,2026-08-09T16:46:52.953982300Z,1739,true,2336,290,AMAP,false,
M08,5,2026-08-09T16:46:54.693731800Z,2191,true,2327,448,AMAP,false,
M09,5,2026-08-09T16:46:56.885108200Z,2196,true,1545,259,AMAP,false,
M10,5,2026-08-09T16:46:59.081520500Z,2713,true,2336,249,AMAP,false,
L01,5,2026-08-09T16:47:01.794921300Z,1299,true,2995,877,AMAP,false,
L02,5,2026-08-09T16:47:03.094825300Z,1695,true,16946,1646,AMAP,false,
L03,5,2026-08-09T16:47:04.790893200Z,2539,true,3409,563,AMAP,false,
L04,5,2026-08-09T16:47:07.331286400Z,1260,true,4888,1438,AMAP,false,
L05,5,2026-08-09T16:47:08.592137800Z,1351,true,17285,1470,AMAP,false,
S01,6,2026-08-09T16:47:09.939994500Z,1199,true,339,121,AMAP,false,
S02,6,2026-08-09T16:47:11.143100800Z,1737,true,1377,591,AMAP,false,
S03,6,2026-08-09T16:47:12.881132800Z,1156,true,264,42,AMAP,false,
S04,6,2026-08-09T16:47:14.038216Z,1676,true,506,83,AMAP,false,
S05,6,2026-08-09T16:47:15.714770200Z,2203,true,340,131,AMAP,false,
M01,6,2026-08-09T16:47:17.918720300Z,1175,true,1482,229,AMAP,false,
M02,6,2026-08-09T16:47:19.094876800Z,1200,true,1458,221,AMAP,false,
M03,6,2026-08-09T16:47:20.295938300Z,1729,true,2020,400,AMAP,false,
M04,6,2026-08-09T16:47:22.026370300Z,1780,true,1508,283,AMAP,false,
M05,6,2026-08-09T16:47:23.806742900Z,1297,true,2242,363,AMAP,false,
M06,6,2026-08-09T16:47:25.104780Z,1657,true,1680,299,AMAP,false,
M07,6,2026-08-09T16:47:26.759759Z,3092,true,2336,290,AMAP,false,
M08,6,2026-08-09T16:47:29.854929900Z,1165,true,2327,448,AMAP,false,
M09,6,2026-08-09T16:47:31.021361600Z,1201,true,1545,259,AMAP,false,
M10,6,2026-08-09T16:47:32.223085100Z,1718,true,2336,249,AMAP,false,
L01,6,2026-08-09T16:47:33.942019800Z,1745,true,2995,872,AMAP,false,
L02,6,2026-08-09T16:47:35.688283600Z,2464,true,16946,1646,AMAP,false,
L03,6,2026-08-09T16:47:38.152910Z,1290,true,3409,563,AMAP,false,
L04,6,2026-08-09T16:47:39.443264200Z,1221,true,4888,1438,AMAP,false,
L05,6,2026-08-09T16:47:40.664855300Z,1516,true,17285,1465,AMAP,false,
S01,7,2026-08-09T16:47:42.179541700Z,1140,true,339,121,AMAP,false,
S02,7,2026-08-09T16:47:43.322382900Z,1187,true,1377,590,AMAP,false,
S03,7,2026-08-09T16:47:44.509891100Z,1325,true,264,42,AMAP,false,
S04,7,2026-08-09T16:47:45.836343700Z,1161,true,506,83,AMAP,false,
S05,7,2026-08-09T16:47:46.996373100Z,1673,true,340,131,AMAP,false,
M01,7,2026-08-09T16:47:48.672003200Z,1178,true,1482,229,AMAP,false,
M02,7,2026-08-09T16:47:49.850851400Z,1195,true,1458,221,AMAP,false,
M03,7,2026-08-09T16:47:51.046638900Z,1716,true,2020,388,AMAP,false,
M04,7,2026-08-09T16:47:52.763230900Z,1384,true,1508,283,AMAP,false,
M05,7,2026-08-09T16:47:54.148550800Z,1627,true,2242,363,AMAP,false,
M06,7,2026-08-09T16:47:55.776011700Z,1163,true,1680,299,AMAP,false,
M07,7,2026-08-09T16:47:56.940521Z,1653,true,2336,290,AMAP,false,
M08,7,2026-08-09T16:47:58.594689200Z,1195,true,2327,448,AMAP,false,
M09,7,2026-08-09T16:47:59.789341900Z,3195,true,1545,259,AMAP,false,
M10,7,2026-08-09T16:48:02.984875500Z,2149,true,2336,249,AMAP,false,
L01,7,2026-08-09T16:48:05.136169900Z,1686,true,2995,872,AMAP,false,
L02,7,2026-08-09T16:48:06.822611900Z,1421,true,16946,1645,AMAP,false,
L03,7,2026-08-09T16:48:08.244574700Z,1682,true,3409,563,AMAP,false,
L04,7,2026-08-09T16:48:09.927755900Z,1183,true,4888,1438,AMAP,false,
L05,7,2026-08-09T16:48:11.110874800Z,1445,true,17285,1465,AMAP,false,
S01,8,2026-08-09T16:48:12.556944700Z,1184,true,339,121,AMAP,false,
S02,8,2026-08-09T16:48:13.740961400Z,1157,true,1377,590,AMAP,false,
S03,8,2026-08-09T16:48:14.898620800Z,1189,true,264,42,AMAP,false,
S04,8,2026-08-09T16:48:16.088322200Z,2252,true,506,83,AMAP,false,
S05,8,2026-08-09T16:48:18.340975900Z,1715,true,340,129,AMAP,false,
M01,8,2026-08-09T16:48:20.056235200Z,1219,true,1482,229,AMAP,false,
M02,8,2026-08-09T16:48:21.276602Z,1138,true,1458,217,AMAP,false,
M03,8,2026-08-09T16:48:22.414873200Z,1253,true,2020,387,AMAP,false,
M04,8,2026-08-09T16:48:23.668826900Z,1670,true,1508,284,AMAP,false,
M05,8,2026-08-09T16:48:25.343368500Z,1172,true,2242,363,AMAP,false,
M06,8,2026-08-09T16:48:26.516194100Z,1186,true,1680,304,AMAP,false,
M07,8,2026-08-09T16:48:27.703191300Z,1131,true,2336,290,AMAP,false,
M08,8,2026-08-09T16:48:28.834761600Z,1208,true,2327,456,AMAP,false,
M09,8,2026-08-09T16:48:30.040323500Z,1252,true,1545,259,AMAP,false,
M10,8,2026-08-09T16:48:31.295378500Z,1209,true,2336,249,AMAP,false,
L01,8,2026-08-09T16:48:32.505717300Z,1213,true,2995,872,AMAP,false,
L02,8,2026-08-09T16:48:33.719869400Z,1385,true,16946,1647,AMAP,false,
L03,8,2026-08-09T16:48:35.105495800Z,1228,true,3409,557,AMAP,false,
L04,8,2026-08-09T16:48:36.333786200Z,1669,true,4888,1438,AMAP,false,
L05,8,2026-08-09T16:48:38.001901300Z,2374,true,17285,1465,AMAP,false,
S01,9,2026-08-09T16:48:40.379423Z,1746,true,339,121,AMAP,false,
S02,9,2026-08-09T16:48:42.126489200Z,1672,true,1377,590,AMAP,false,
S03,9,2026-08-09T16:48:43.799581100Z,1169,true,264,42,AMAP,false,
S04,9,2026-08-09T16:48:44.969146Z,1157,true,506,83,AMAP,false,
S05,9,2026-08-09T16:48:46.125823700Z,2198,true,340,129,AMAP,false,
M01,9,2026-08-09T16:48:48.325239100Z,1172,true,1482,229,AMAP,false,
M02,9,2026-08-09T16:48:49.497926Z,2225,true,1458,217,AMAP,false,
M03,9,2026-08-09T16:48:51.723790Z,2180,true,2020,387,AMAP,false,
M04,9,2026-08-09T16:48:53.902307400Z,1184,true,1508,284,AMAP,false,
M05,9,2026-08-09T16:48:55.089561400Z,1152,true,2242,363,AMAP,false,
M06,9,2026-08-09T16:48:56.241852400Z,1189,true,1680,304,AMAP,false,
M07,9,2026-08-09T16:48:57.431546700Z,1671,true,2336,290,AMAP,false,
M08,9,2026-08-09T16:48:59.103427Z,1201,true,2327,456,AMAP,false,
M09,9,2026-08-09T16:49:00.304835500Z,1378,true,1545,259,AMAP,false,
M10,9,2026-08-09T16:49:01.683214600Z,1696,true,2336,249,AMAP,false,
L01,9,2026-08-09T16:49:03.379882300Z,2211,true,2995,872,AMAP,false,
L02,9,2026-08-09T16:49:05.591388700Z,3514,true,16946,1646,AMAP,false,
L03,9,2026-08-09T16:49:09.105653500Z,1382,true,3409,557,AMAP,false,
L04,9,2026-08-09T16:49:10.488235200Z,1654,true,4888,1438,AMAP,false,
L05,9,2026-08-09T16:49:12.142008400Z,1458,true,17285,1465,AMAP,false,
S01,10,2026-08-09T16:49:13.601416100Z,2687,true,339,121,AMAP,false,
S02,10,2026-08-09T16:49:16.287850600Z,1168,true,1377,590,AMAP,false,
S03,10,2026-08-09T16:49:17.457998400Z,1282,true,264,28,AMAP,false,
S04,10,2026-08-09T16:49:18.740922500Z,1205,true,506,83,AMAP,false,
S05,10,2026-08-09T16:49:19.945924600Z,1803,true,340,129,AMAP,false,
M01,10,2026-08-09T16:49:21.750101600Z,1702,true,1482,229,AMAP,false,
M02,10,2026-08-09T16:49:23.452638500Z,1244,true,1458,211,AMAP,false,
M03,10,2026-08-09T16:49:24.697192200Z,1673,true,2020,387,AMAP,false,
M04,10,2026-08-09T16:49:26.370934600Z,2696,true,1508,284,AMAP,false,
M05,10,2026-08-09T16:49:29.068141900Z,1648,true,2242,363,AMAP,false,
M06,10,2026-08-09T16:49:30.715378400Z,1182,true,1680,299,AMAP,false,
M07,10,2026-08-09T16:49:31.899219400Z,1162,true,2336,290,AMAP,false,
M08,10,2026-08-09T16:49:33.061230200Z,1687,true,2327,445,AMAP,false,
M09,10,2026-08-09T16:49:34.749269300Z,2196,true,1545,259,AMAP,false,
M10,10,2026-08-09T16:49:36.945682Z,2234,true,2336,249,AMAP,false,
L01,10,2026-08-09T16:49:39.179565600Z,1359,true,2995,872,AMAP,false,
L02,10,2026-08-09T16:49:40.540028600Z,1563,true,16946,1594,AMAP,false,
L03,10,2026-08-09T16:49:42.103845800Z,2212,true,3409,566,AMAP,false,
L04,10,2026-08-09T16:49:44.315601300Z,1184,true,4888,1438,AMAP,false,
L05,10,2026-08-09T16:49:45.499931400Z,1955,true,17285,1460,AMAP,false,
